scale_km2,contract,supportable,change_vs_baseline,pct_of_cells
250,baseline_ANY,49,0,0.03153153153153153
250,M2_only,3,-46,0.0019305019305019305
250,M4_only,46,-3,0.029601029601029602
250,ALL_M2_M4,0,-49,0.0
250,COUNT_AT_LEAST_2,0,-49,0.0
500,baseline_ANY,37,0,0.04665825977301387
500,M2_only,3,-34,0.0037831021437578815
500,M4_only,34,-3,0.04287515762925599
500,ALL_M2_M4,0,-37,0.0
500,COUNT_AT_LEAST_2,0,-37,0.0
1000,baseline_ANY,24,0,0.05825242718446602
1000,M2_only,2,-22,0.0048543689320388345
1000,M4_only,22,-2,0.05339805825242718
1000,ALL_M2_M4,0,-24,0.0
1000,COUNT_AT_LEAST_2,0,-24,0.0
